SMILES,THALF
O=COc1c(Cl)cc(-c2cc3onc(-c4ccncc4Cl)c3c(=O)[nH]2)cc1C=O,4.299843
O=COc1c(Cl)cc(CNCc2conc2-c2c(Cl)cncc2Cl)cc1C=O,4.299451
O=COc1ccc(-c2cc3onc(-c4c(Cl)cncc4C=O)c3c(=O)[nH]2)c(Cl)c1,4.298781
COc1ccc2c(c1)c(=O)oc1c2[nH]c(=O)c2c(-c3c(C)cncc3OC)noc21,4.2984767
COc1cc(C)c2c(c1)c(=O)oc1c2[nH]c(=O)c2c(-c3ccncc3OC)noc21,4.2982173
O=COc1c(C=O)cc(-c2cc3onc(-c4ccncc4)c3c(=O)[nH]2)c(Cl)c1Cl,4.298197
COc1ccc2c(c1)c(=O)oc1c2[nH]c(=O)c2c(-c3c(O)cncc3OC)noc21,4.298193
O=COc1cc(-c2[nH]c(=O)c3c(-c4ccncc4Cl)noc3c2C=O)c(Cl)cc1Cl,4.2981176
COc1cc2c(=O)oc3c([nH]c(=O)c4c(-c5ccncc5OC)noc43)c2cc1N,4.298018
COc1cnccc1-c1noc2c1c(=O)[nH]c1c2oc2cc(OC)c3c(=O)c3c21,4.297476
COc1cnccc1-c1noc2c(OC)c(-c3ccc(OC)c4c(=S)c34)[nH]c(=O)c12,4.2974687
O=COc1cc(Cl)c(-c2cc3onc(-c4ccncc4Cl)c3c(=O)[nH]2)cc1C=O,4.297341
O=COc1cc(C=O)c(-c2cc3onc(-c4ccncc4Cl)c3c(=O)[nH]2)cc1Cl,4.297341
O=Cc1cc(Cl)cc(-c2cc3onc(-c4ccncc4Cl)c3c(=O)[nH]2)c1C=O,4.2973366
COc1cnccc1-c1noc2c1c(=O)[nH]c1c2oc2cc(OC)c(O)c(C)c21,4.297271
COc1cnccc1-c1noc2c1c(=O)[nH]c1c2oc2cc(OC)c(C)c(O)c21,4.297271
COc1ccc2c(c1)c(=O)oc1c2[nH]c(=O)c2c(-c3ccncc3OC)noc21,4.29704
COc1cc(C)c(-c2[nH]c(=O)c3c(-c4ccncc4OC)noc3c2OC)c(C=CCl)c1,4.2969027
COc1cc(S)c2c(c1)c(=O)oc1c2[nH]c(=O)c2c(-c3ccncc3OC)noc21,4.2968144
COc1cc(C(C)=O)c2c(c1)oc1c2[nH]c(=O)c2c(-c3ccncc3OC)noc21,4.296172
COc1cnccc1-c1noc2c(OC)c(-c3ccc(OC)c4c(=O)c34)[nH]c(=O)c12,4.2957325
COc1cc(C=O)c2c(c1)c(=O)oc1c2[nH]c(=O)c2c(-c3ccncc3OC)noc21,4.2954545
COc1cc(O)c2c(c1)oc1c2[nH]c(=O)c2c(-c3ccncc3OC)noc21,4.2953954
COc1cc(C=O)c2c(c1)oc1c2[nH]c(=O)c2c(-c3cc(C)ncc3OC)noc21,4.294621
O=COc1c(Cl)cc(-c2cc3onc(-c4ccncc4)c3c(=O)[nH]2)c(C=O)c1Cl,4.2945604
C=Cc1cc(OC)cc2oc3c([nH]c(=O)c4c(-c5ccncc5OC)noc43)c12,4.2940106
COc1cc(C=S)c(-c2[nH]c(=O)c3c(-c4ccncc4OC)noc3c2OC)cc1C,4.2936335
COc1cc(C)c(-c2[nH]c(=O)c3c(-c4ccncc4OC)noc3c2OC)cc1C=S,4.2936335
COc1cc(C=O)c(-c2[nH]c(=O)c3c(-c4ccncc4OC)noc3c2OC)cc1C,4.293592
COc1cc(C)c(-c2[nH]c(=O)c3c(-c4ccncc4OC)noc3c2OC)cc1C=O,4.293592
COc1ccc(-c2[nH]c(=O)c3c(-c4ccncc4OC)noc3c2OC)c(C=CCl)c1,4.29349
COc1ccc(-c2[nH]c(=O)c3c(-c4cc(C=O)ncc4OC)noc3c2OC)c(C)c1,4.293489
COc1cc(C=CCl)c(-c2[nH]c(=O)c3c(-c4ccncc4OC)noc3c2OC)cc1Cl,4.293124
COc1ccc(-c2[nH]c(=O)c3c(-c4ccncc4OC)noc3c2OC=CCl)c(C)c1,4.292815
COc1ccc(-c2[nH]c(=O)c3c(-c4cc(C)ncc4OC)noc3c2OC)c(C=O)c1,4.292394
COc1cnccc1-c1noc2c(OC)c(-c3cc(O)c4occc4c3C)[nH]c(=O)c12,4.2918453
COc1c(-c2ccc(OC)c3c(=O)c23)[nH]c(=O)c2c(-c3ccncc3O)noc12,4.291195
COc1ccc(-c2[nH]c(=O)c3c(-c4ccnc(C)c4OC)noc3c2OC)c(C=O)c1,4.2907796
COc1cc(C)c(-c2[nH]c(=O)c3c(-c4ccncc4OC)noc3c2OC)c(C=O)c1,4.2904525
COc1cc(C=O)c2c(c1)oc1c2[nH]c(=O)c2c(-c3ccncc3OC)noc21,4.290435
COc1cc(C)c2c(c1)oc1c2[nH]c(=O)c2c(-c3ccncc3OC)noc21,4.2897673
COc1ccc(-c2[nH]c(=O)c3c(-c4c(C)cncc4OC)noc3c2OC)c(C=O)c1,4.289607
COc1cc(C=O)c(-c2[nH]c(=O)c3c(-c4ccncc4OC)noc3c2OC)cc1Cl,4.289522
COc1ccc(-c2[nH]c(=O)c3c(-c4ccnc(Cl)c4OC)noc3c2OC)c(C=O)c1,4.2893696
COc1cc(C(=S)Cl)c2c(c1)oc1c2[nH]c(=O)c2c(-c3ccncc3OC)noc21,4.2892056
COc1cc(CCl)c2c(c1)oc1c2[nH]c(=O)c2c(-c3ccncc3OC)noc21,4.2883854
COc1cnccc1-c1noc2c1c(=O)[nH]c1c2oc2cc(OC)c(N)c(C)c21,4.288269
COc1cnccc1-c1noc2c(OC)c(-c3ccc(OC=S)cc3C)[nH]c(=O)c12,4.2876587
COc1ccc(-c2[nH]c(=O)c3c(-c4ccncc4OC=S)noc3c2OC)c(C)c1,4.2876587
COc1ccc(-c2[nH]c(=O)c3c(-c4ccncc4OC)noc3c2OC=S)c(C)c1,4.2876587
COc1cnccc1-c1noc2c(OC)c(-c3ccc(OC=O)cc3C)[nH]c(=O)c12,4.287542
COc1ccc(-c2[nH]c(=O)c3c(-c4ccncc4OC=O)noc3c2OC)c(C)c1,4.287542
COc1ccc(-c2[nH]c(=O)c3c(-c4ccncc4OC)noc3c2OC=O)c(C)c1,4.287542
COc1cnccc1-c1noc2c(OC)c(-c3ccc(OC=O)c(C)c3)[nH]c(=O)c12,4.287389
COc1cc(-c2[nH]c(=O)c3c(-c4ccncc4OC)noc3c2O)c(C)cc1OS,4.287351
COc1cc(C)c2c(c1)c(=O)oc1c2[nH]c(=O)c2c(-c3ccncc3OC=O)noc21,4.287322
COc1ccc(-c2[nH]c(=O)c3c(-c4cc(Cl)ncc4OC)noc3c2OC)c(C=O)c1,4.287186
COc1cc(-c2[nH]c(=O)c3c(-c4ccncc4OC)noc3c2OC)c(C)cc1OC=O,4.2868485
COc1ccc(-c2[nH]c(=O)c3c(-c4ccncc4OC)noc3c2OC=[SH])c(C)c1,4.2860637
C=COc1cnccc1-c1noc2c(OC)c(-c3ccc(OC)cc3C=O)[nH]c(=O)c12,4.2858996
C=COc1ccc(-c2[nH]c(=O)c3c(-c4ccncc4OC)noc3c2OC)c(C=O)c1,4.2858996
C=COc1c(-c2ccc(OC)cc2C=O)[nH]c(=O)c2c(-c3ccncc3OC)noc12,4.2858996
COc1cc(C=O)c(-c2[nH]c(=O)c3c(-c4ccncc4OC)noc3c2OC)cc1N,4.2854414
C=Cc1nccc(-c2noc3c(OC)c(-c4ccc(OC)cc4C)[nH]c(=O)c23)c1OC,4.285147
COc1ccc(-c2[nH]c(=O)c3c(-c4cc(C=O)ncc4OC)noc3c2OC)c(C=O)c1,4.284839
COc1cnccc1-c1noc2c1c(=O)[nH]c1c3ccc(OCF)cc3c(=O)oc12,4.284724
COc1cnccc1-c1noc2c1c(=O)[nH]c1c2oc2cc(OC)c(C)c(C=O)c21,4.284635
CCOc1c(-c2ccc(OC)c3c(=O)c23)[nH]c(=O)c2c(-c3ccncc3OC)noc12,4.284615
COc1cnccc1-c1noc2c(OC)c(-c3cc4c(cc3C=O)O4)[nH]c(=O)c12,4.284607
COc1cc(C=O)c2c(c1)oc1c2[nH]c(=O)c2c(-c3cc(F)ncc3OC)noc21,4.2841916
COc1ccc(-c2[nH]c(=O)c3c(-c4ccnc(N)c4OC)noc3c2OC)c(C)c1,4.284112
COc1ccc(-c2[nH]c(=O)c3c(-c4ccnc5c4O5)noc3c2OC)c(C=O)c1,4.2839074
COc1cc(C)c(-c2[nH]c(=O)c3c(-c4ccncc4OC)noc3c2O)c(OC)c1,4.28365
COc1ccc(-c2[nH]c(=O)c3c(-c4ccncc4OCl)noc3c2OC)c(C=O)c1,4.283238
COc1ccc(-c2[nH]c(=O)c3c(-c4ccncc4OC)noc3c2OCl)c(C=O)c1,4.283238
COc1cc(C)c(-c2[nH]c(=O)c3c(-c4ccncc4OC)noc3c2OC)cc1OS,4.2825813
COc1ccc(-c2[nH]c(=O)c3c(-c4c(Cl)cncc4OC)noc3c2OC)c(C=O)c1,4.2821865
COc1cc(C=O)c(-c2[nH]c(=O)c3c(-c4ccncc4OC)noc3c2OC)cc1C=O,4.282075
COc1ccc(-c2[nH]c(=O)c3c(-c4c(CCl)cncc4OC)noc3c2OC)c(C=O)c1,4.2819366
COc1cc(C)c(-c2[nH]c(=O)c3c(-c4ccncc4OC)noc3c2OC)cc1O,4.2814503
COc1cc(-c2[nH]c(=O)c3c(-c4ccncc4OC)noc3c2OC)c(C)cc1O,4.2814503
C=COc1cnccc1-c1noc2c(OC)c(-c3ccc(OC)cc3C)[nH]c(=O)c12,4.281047
C=COc1ccc(-c2[nH]c(=O)c3c(-c4ccncc4OC)noc3c2OC)c(C)c1,4.281047
C=COc1c(-c2ccc(OC)cc2C)[nH]c(=O)c2c(-c3ccncc3OC)noc12,4.281047
COc1cncc(O)c1-c1noc2c(OC)c(-c3ccc(OC)c4c(=O)c34)[nH]c(=O)c12,4.2809834
COc1ccc(-c2[nH]c(=O)c3c(-c4ccncc4OC)noc3c2OC)c(C(C)=S)c1,4.280417
COc1cc(C)c(-c2[nH]c(=O)c3c(-c4ccncc4OC)noc3c2OC=O)cc1C,4.2803617
C=Cc1cc(OC)ccc1-c1[nH]c(=O)c2c(-c3ccncc3OC)noc2c1OC,4.2799397
COc1cc(N)c(-c2[nH]c(=O)c3c(-c4ccncc4OC)noc3c2OC)c(C=O)c1,4.279937
COc1cc(C)c(-c2[nH]c(=O)c3c(-c4ccncc4OC)noc3c2OC)cc1N,4.279693
CCOc1cc(C=O)c2c(c1)oc1c2[nH]c(=O)c2c(-c3ccncc3OC)noc21,4.2790895
COc1ccc(-c2[nH]c(=O)c3c(-c4cc(C=N)ncc4OC)noc3c2OC)c(C)c1,4.278811
COc1cc(C=O)c(-c2[nH]c(=O)c3c(-c4ccncc4C=O)noc3c2O)cc1OC,4.2785225
COc1ccc(-c2[nH]c(=O)c3c(-c4c(N)cncc4OC)noc3c2OC)c(C=O)c1,4.277133
CN=Cc1cc(OC)ccc1-c1[nH]c(=O)c2c(-c3ccncc3OC)noc2c1OC,4.27705
COc1cnccc1-c1noc2c(OC)c(-c3ccc(O)cc3C=CCl)[nH]c(=O)c12,4.2770386
COc1ccc(-c2[nH]c(=O)c3c(-c4ccncc4OC=O)noc3c2OC=O)c(C)c1,4.2769785
COc1cnccc1-c1noc2c(OC)c(-c3ccc(OC)c(N)c3C=O)[nH]c(=O)c12,4.276959
C=COc1ccc(-c2[nH]c(=O)c3c(-c4ccncc4OC)noc3c2OC)cc1C,4.27674
COc1cnccc1-c1noc2c3c([nH]c(=O)c12)-c1ccc(OC)c(O)c1CCO3,4.2767262
COc1cc(C=O)c(-c2[nH]c(=O)c3c(-c4cc(Cl)ncc4OC)noc3c2OC)cc1C,4.2766075
COc1ccc(-c2[nH]c(=O)c3c(-c4ccncc4OC)noc3c2OC)c(C=NO)c1,4.2763877
COc1cnccc1-c1noc2c(O)c(-c3ccc(OC)c(N)c3C)[nH]c(=O)c12,4.2763824
COc1cc(C)c(-c2[nH]c(=O)c3c(-c4ccncc4OC)noc3c2OC)c(OC)c1,4.275835
COc1cc(C=O)c(-c2[nH]c(=O)c3c(-c4ccncc4OC)noc3c2OC)c(C=O)c1,4.275355
COc1ccc(-c2[nH]c(=O)c3c(-c4ccncc4C=O)noc3c2OC)c(C)c1,4.275295
COc1ccc(-c2[nH]c(=O)c3c(-c4ccncc4C)noc3c2OC)c(C=O)c1,4.275295
COc1cc(C)c(-c2[nH]c(=O)c3c(-c4ccncc4OC)noc3c2OC)c(O)c1,4.274316
COc1ccc(-c2[nH]c(=O)c3c(-c4ccnc(O)c4OC)noc3c2OC)cc1Cl,4.274139
C=Cn1c(-c2ccc(OC)cc2C=O)c(OC)c2onc(-c3ccncc3OC)c2c1=O,4.2737923
COc1cnccc1-c1noc2c(OC)c(-c3ccc(OC=O)cc3CCl)[nH]c(=O)c12,4.273314
COc1ccc(-c2[nH]c(=O)c3c(-c4ccncc4OC=O)noc3c2OC)c(CCl)c1,4.273314
COc1ccc(-c2[nH]c(=O)c3c(-c4ccncc4OC)noc3c2OC=O)c(CCl)c1,4.273314
COc1cc(C=O)c(-c2[nH]c(=O)c3c(-c4ccncc4OC)noc3c2O)cc1Cl,4.2732234
COc1ccc(-c2[nH]c(=O)c3c(-c4ccnc(F)c4OC)noc3c2OC)c(C=O)c1,4.272916
COc1cc(C=O)c(-c2[nH]c(=O)c3c(-c4ccnc(C)c4OC)noc3c2OC)cc1Cl,4.272902
COc1cc(CF)c2c(c1)oc1c2[nH]c(=O)c2c(-c3ccncc3OC)noc21,4.2728763
C=Cc1cc(OC)ccc1-c1[nH]c(=O)c2c(-c3ccncc3OC)noc2c1OC=O,4.272724
COc1ccc(-c2[nH]c(=O)c3c(-c4c(O)cncc4OC)noc3c2OC)c(C)c1,4.272539
COc1ccc(-c2[nH]c(=O)c3c(-c4ccnc(F)c4OC)noc3c2OC=O)c(C)c1,4.272353
COc1ccc(-c2[nH]c(=O)c3c(-c4ccnc(C)c4OC)noc3c2OC)cc1O,4.272339
COc1cnccc1-c1noc2c(OC)c(-c3ccc(OC)c(O)c3C)[nH]c(=O)c12,4.27229
COc1ccc(-c2[nH]c(=O)c3c(-c4ccnc(C)c4OC)noc3c2OC=O)c(C)c1,4.2717466
COc1cnccc1-c1noc2c(O)c(-c3ccc(OC=O)cc3C)[nH]c(=O)c12,4.2716455
COc1ccc(-c2[nH]c(=O)c3c(-c4ccncc4OC=O)noc3c2O)c(C)c1,4.2716455
C=Cc1cc(OC)ccc1-c1[nH]c(=O)c2c(-c3ccncc3OC)noc2c1O,4.271516
COc1cnccc1-c1noc2c(O)c(-c3ccc(OC)c(N)c3C=O)[nH]c(=O)c12,4.270568
COc1cnccc1-c1noc2c(OC)c(-c3ccc(OC=O)c(C=O)c3)[nH]c(=O)c12,4.2703094
COc1cc(C=O)c(-c2[nH]c(=O)c3c(-c4ccncc4O)noc3c2OC)cc1Cl,4.2700944
COc1ccc(-c2[nH]c(=O)c3c(-c4ccnc(S)c4OC)noc3c2OC)c(C)c1,4.270026
COc1cnccc1-c1noc2c(OC)c(-c3ccc(OC)c(Cl)c3C=O)[nH]c(=O)c12,4.26995
COc1ccc2c(oc3c4onc(-c5ccncc5)c4c(=O)n(C)c23)c1O,4.2698708
C=Cc1cc(OC)ccc1-c1[nH]c(=O)c2c(-c3ccnc(F)c3OC)noc2c1OC,4.2698035
COc1cnccc1-c1noc2c1c(=O)[nH]c1c2oc2cc(OC)c(Cl)c(C=O)c21,4.2691984
COc1cnccc1-c1noc2c(OC)c(-c3ccc(OC)c(N)c3C)[nH]c(=O)c12,4.268818
COc1ccc(-c2[nH]c(=O)c3c(-c4ccncc4O)noc3c2OC)c(C(=S)Cl)c1,4.268766
CC=COc1cnccc1-c1noc2c(OC)c(-c3ccc(OC)cc3C)[nH]c(=O)c12,4.26837
COC=Cc1cc(OC)cc(C)c1-c1[nH]c(=O)c2c(-c3ccncc3OC)noc2c1OC,4.267909
COc1c(-c2ccc(OC=O)cc2C)[nH]c(=O)c2c(-c3ccncc3O)noc12,4.267573
COc1cc(OC)c(-c2[nH]c(=O)c3c(-c4ccncc4C=O)noc3c2OC)cc1OC,4.2665644
COc1cc(C=O)c(-c2[nH]c(=O)c3c(-c4ccncc4OC)noc3c2O)cc1OC,4.265816
COc1cc(C)c(-c2[nH]c(=O)c3c(-c4ccncc4)noc3c2OC)cc1O,4.265319
COc1c(-c2ccc(OC=O)c(C)c2)[nH]c(=O)c2c(-c3ccncc3O)noc12,4.2652426
COc1ccc(-c2[nH]c(=O)c3c(-c4ccnc(C)c4OO)noc3c2OC)c(C=O)c1,4.2650046
C=Cc1cc(OC)c(O)cc1-c1cc2onc(-c3ccncc3OC)c2c(=O)[nH]1,4.264745
COc1ccc(-c2[nH]c(=O)c3c(-c4ccncc4O)noc3c2OC)c(C)c1,4.264522
C=Cc1cncc(OC)c1-c1noc2c(OC)c(-c3ccc(OC)cc3C)[nH]c(=O)c12,4.264404
C=Cc1cc(OC)ccc1-c1[nH]c(=O)c2c(-c3c(C)cncc3OC)noc2c1OC,4.264404
COc1cnccc1-c1noc2c(OC)c(-c3ccc(OC)c(C=O)c3C)[nH]c(=O)c12,4.26417
COc1cnccc1-c1noc2c(OC)c(-c3ccc(OC)c(C)c3C=O)[nH]c(=O)c12,4.26417
COc1cnccc1-c1noc2c(OC)c(-c3ccc(OC=O)cc3C=O)[nH]c(=O)c12,4.263891
COc1ccc(-c2[nH]c(=O)c3c(-c4ccncc4OC=O)noc3c2OC)c(C=O)c1,4.263891
COc1ccc(-c2[nH]c(=O)c3c(-c4ccncc4OC)noc3c2OC=O)c(C=O)c1,4.263891
COc1ccc(-c2[nH]c(=O)c3c(-c4ccncc4OC)noc3c2OC)c(C(=S)Cl)c1,4.2637897
COc1ccc(-c2[nH]c(=O)c3c(-c4ccncc4C)noc3c2OC)cc1O,4.263511
COc1ccc(-c2[nH]c(=O)c3c(-c4cc(F)ncc4OC=O)noc3c2OC)c(C)c1,4.2632895
COc1ccc(-c2[nH]c(=O)c3c(-c4cc(F)ncc4OC)noc3c2OC=O)c(C)c1,4.2632895
COc1cnccc1-c1noc2c(OC)c(-c3ccc(OC)c(OS)c3C)[nH]c(=O)c12,4.262951
COc1c(-c2cc(O)c(OC=O)cc2C)[nH]c(=O)c2c(-c3ccncc3)noc12,4.2626834
COc1ccc(-c2[nH]c(=O)c3c(-c4ccncc4OC)noc3c2O)c(C(=S)Cl)c1,4.2617426
COc1ccc(-c2[nH]c(=O)c3c(-c4ccnc5ccoc45)noc3c2OC)c(C)c1,4.2615337
COc1ccc(-c2[nH]c(=O)c3c(-c4cc(F)ncc4OC)noc3c2OC)c(C=O)c1,4.26055
COc1ccc(-c2[nH]c(=O)c3c(-c4ccncc4OC)noc3c2O)c(C)c1,4.260546
COc1ccc(-c2[nH]c(=O)c3c(-c4ccncc4OC)noc3c2OC=CO)c(C)c1,4.2604284
COc1cc(C=O)c(-c2[nH]c(=O)c3c(-c4ccnc(Cl)c4OC)noc3c2OC)cc1Cl,4.259599
C=COc1cnccc1-c1noc2c(O)c(-c3ccc(OC)cc3C)[nH]c(=O)c12,4.25935
C=COc1ccc(-c2[nH]c(=O)c3c(-c4ccncc4OC)noc3c2O)c(C)c1,4.25935
COc1cc(Cl)c2c(c1)oc1c2[nH]c(=O)c2c(-c3ccncc3OC)noc21,4.2589808
COc1ccc(-c2[nH]c(=O)c3c(-c4cc(N)ncc4OC)noc3c2OC)c(C)c1,4.2584248
COc1cc(F)c(-c2[nH]c(=O)c3c(-c4ccncc4OC)noc3c2OC)c(C=O)c1,4.2583447
COc1cc(F)c(-c2[nH]c(=O)c3c(-c4ccncc4OC)noc3c2O)cc1C=O,4.2583365
COc1ccc(-c2[nH]c(=O)c3c(-c4cc(CO)ncc4OC)noc3c2OC)c(C=O)c1,4.2571282
COc1ccc(-c2[nH]c(=O)c3c(-c4c(OC)cnc(C)c4Cl)noc3c2OC)c(C=O)c1,4.2571106
COc1cnccc1-c1noc2c(OC)c(-c3ccc(OC)c(N)c3O)[nH]c(=O)c12,4.257012
COc1ccc(-c2[nH]c(=O)c3c(-c4cc(S)ncc4OC)noc3c2OC)c(C)c1,4.2568693
COc1ccc(-c2[nH]c(=O)c3c(-c4ccnc5ncoc45)noc3c2OC)c(C)c1,4.256607
COc1cnccc1-c1noc2c(OC)c(-c3ccc(OC)c(OCl)c3C)[nH]c(=O)c12,4.256413
COc1cnccc1-c1noc2c(OC)c(-c3ccc(OC)c(N)c3OC)[nH]c(=O)c12,4.256352
COc1cc2ccn3c(=O)c4c(-c5ccncc5OC)noc4c(O)c3c2cc1C,4.2562056
COc1ccc2c(c1)oc1c3onc(-c4ccncc4O)c3c(=O)n(C)c21,4.2557726
COc1ccc(-c2[nH]c(=O)c3c(-c4ccnc(C)c4)noc3c2OC)c(C=O)c1,4.2553773
C=Cc1cc(OC)ccc1-c1[nH]c(=O)c2c(-c3ccncc3O)noc2c1OC,4.255289
COc1cnccc1-c1noc2c1c(=O)[nH]c1c3cc4c(cc3c(=O)oc12)OC4,4.2552032
COc1cc(C)c(-c2[nH]c(=O)c3c(-c4ccncc4)noc3c2O)c(OC)c1,4.254713
COc1cnccc1-c1noc2c(OC)c(-c3ccc(OC)c(C=O)c3C=O)[nH]c(=O)c12,4.2543235
COc1cnccc1-c1noc2c(O)c(-c3ccc(OC)c(Cl)c3C=O)[nH]c(=O)c12,4.253391
C=Cc1cc(OC)ccc1-c1c(O)c2onc(-c3ccncc3OC)c2c(=O)n1C,4.2533903
COc1cnccc1-c1noc2c(OC)c(-c3ccc(OC=O)cc3C(=O)Cl)[nH]c(=O)c12,4.253217
COc1ccc(-c2[nH]c(=O)c3c(-c4ccncc4OC)noc3c2OC)c(C)c1,4.253063
COc1ccc(-c2[nH]c(=O)c3c(-c4ccncc4)noc3c2OC)c(C)c1O,4.2530546
CC=COc1ccc(-c2[nH]c(=O)c3c(-c4ccncc4OC)noc3c2OC)c(Cl)c1,4.252263
C#Cc1cc(OC)cc2oc3c([nH]c(=O)c4c(-c5ccncc5OC)noc43)c12,4.2518973
COc1ccc(-c2[nH]c(=O)c3c(-c4ccncc4C=O)noc3c2OC)c2c1C2,4.2516475
COc1ccc(-c2[nH]c(=O)c3c(-c4ccncc4OC)noc3c2OC)c(C(=O)Cl)c1,4.2516375
COc1ccc(-c2[nH]c(=O)c3c(-c4ccnc(N)c4OC)noc3c2OC)c2c1C2,4.2512474
COc1cc(C)c(-c2[nH]c(=O)c3c(-c4ccncc4OC)noc3c2OC)c(C=N)c1,4.250723
COc1ccc(-c2[nH]c(=O)c3c(-c4c(N)cncc4OC)noc3c2OC)c(C)c1,4.250617
COc1cncc(C)c1-c1noc2c(OC)c(-c3ccc(OC=O)cc3C)[nH]c(=O)c12,4.250547
C=COc1c(-c2ccc(OC)cc2C)[nH]c(=O)c2c(-c3ccncc3O)noc12,4.2497954
C=COc1ccc(-c2[nH]c(=O)c3c(-c4ccncc4O)noc3c2OC)c(C)c1,4.249795
CCOc1cnccc1-c1noc2c(OC)c(-c3ccc(OC)cc3C=O)[nH]c(=O)c12,4.248816
CCOc1ccc(-c2[nH]c(=O)c3c(-c4ccncc4OC)noc3c2OC)c(C=O)c1,4.248816
C=COc1ccc(-c2[nH]c(=O)c3c(-c4ccncc4OC)noc3c2O)cc1C,4.24847
C=Cc1cc(OC)c(O)cc1-c1[nH]c(=O)c2c(-c3ccncc3OC)noc2c1OC,4.248191
COc1c(-c2ccc(O)cc2C)[nH]c(=O)c2c(-c3ccncc3OC=O)noc12,4.2478104
COc1cc(S)c(-c2[nH]c(=O)c3c(-c4ccncc4OC)noc3c2OC)cc1O,4.2476735
COc1ccc(-c2[nH]c(=O)c3c(-c4ccnc5c4OCC5)noc3c2OC)c(C=O)c1,4.246765
C=COc1ccc(-c2[nH]c(=O)c3c(-c4ccncc4OC)noc3c2OC)c(Cl)c1,4.246253
C=COc1c(-c2ccc(OC)cc2C)[nH]c(=O)c2c(-c3ccnc(F)c3OC)noc12,4.2461276
COc1cnccc1-c1noc2c(OC)c(-c3ccc(OC)c(S)c3C)[nH]c(=O)c12,4.246019
C=Cn1c(-c2ccc(OC)cc2C)c(O)c2onc(-c3ccncc3OC)c2c1=O,4.2454157
COc1cc(O)c(-c2[nH]c(=O)c3c(-c4ccncc4C=O)noc3c2OC)cc1OC,4.2451663
COc1ccc(-c2[nH]c(=O)c3c(-c4ccncc4C=O)noc3c2OC)cc1O,4.244238
COc1ccc(-c2[nH]c(=O)c3c(-c4ccncc4O)noc3c2OC)c(CCl)c1,4.243613
COc1ccc(-c2[nH]c(=O)c3c(-c4ccncc4OC)noc3c2OC)cc1C=O,4.243349
O=CCOc1cc(Cl)c(-c2cc3onc(-c4ccncc4Cl)c3c(=O)[nH]2)cc1C=O,4.2432814
COc1ccc(-c2[nH]c(=O)c3c(-c4ccnc(F)c4OC)noc3c2OC)c(C)c1,4.24322
COc1cc(C)c(-c2[nH]c(=O)c3c(-c4ccncc4OC)noc3c2OC=O)cc1Cl,4.242598
COc1ccc(-c2[nH]c(=O)c3c(-c4ccncc4O)noc3c2OC)c(C=O)c1C,4.241954
C=COc1cnccc1-c1noc2c(O)c(-c3ccc(OC)cc3C=O)[nH]c(=O)c12,4.2418094
COc1c(-c2ccc(OC=O)cc2C)[nH]c(=O)c2c(-c3ccncc3C=O)noc12,4.241464
COc1cc(C)c(-c2[nH]c(=O)c3c(-c4ccncc4OC)noc3c2OC)cc1C,4.2412405
COc1cnccc1-c1noc2c(OC)c(-c3ccc(OC)c4c3CN4)[nH]c(=O)c12,4.240741
COc1ccc2c(c1)oc1c3onc(-c4ccnc(S)c4O)c3c(=O)n(C)c21,4.240408
COc1cnccc1-c1noc2c(OC)c(-c3ccc(OCCl)cc3C=O)[nH]c(=O)c12,4.238782
COc1ccc(-c2[nH]c(=O)c3c(-c4ccnc5c4OC5)noc3c2OC)cc1O,4.2383385
COc1cnccc1-c1noc2c(O)c(-c3ccc(OC=O)cc3C)n(C)c(=O)c12,4.2378964
COc1ccc(-c2c(O)c3onc(-c4ccncc4OC=O)c3c(=O)n2C)c(C)c1,4.2378964
COc1cnccc1-c1noc2c(OC=O)c(-c3ccc(OC)c(C)c3C)[nH]c(=O)c12,4.237681
COc1ccc(-c2[nH]c(=O)c3c(-c4ccncc4OC=O)noc3c2OC)c(C)c1C,4.237681
C=C(S)c1c(-c2ccc(OC)cc2C=O)[nH]c(=O)c2c(-c3ccncc3OC)noc12,4.2375135
COc1cc(C)c(-c2[nH]c(=O)c3c(-c4ccncc4O)noc3c2OC)cc1C,4.2373447
COc1ccc(-c2[nH]c(=O)c3c(-c4ccnc5c4OC5)noc3c2OC)c(C=O)c1,4.236995
COc1cc(C)c2c(c1)oc1c2[nH]c(=O)c2c(-c3ccncc3C=O)noc21,4.2368455
COc1cnccc1-c1noc2c(OC)c(-c3ccc(O)c(Cl)c3C=O)[nH]c(=O)c12,4.2363863
CCOc1ccc(-c2[nH]c(=O)c3c(-c4ccncc4OC)noc3c2O)c(C=O)c1,4.2356052
COc1ccc(-c2[nH]c(=O)c3c(-c4ccnc5c4O5)noc3c2OC)c(C)c1,4.2352376
COc1ccc(-c2[nH]c(=O)c3c(-c4c(F)cncc4OC)noc3c2OC)c(C=O)c1,4.234527
COc1ccc(-c2[nH]c(=O)c3c(-c4ccncc4OC)noc3c2OC)c(C2=CO2)c1,4.2343364
C=COc1cc(C)c(-c2[nH]c(=O)c3c(-c4ccncc4)noc3c2OC)cc1O,4.2342763
C=COc1c(-c2cc(O)c(OC)cc2C)[nH]c(=O)c2c(-c3ccncc3)noc12,4.2342763
COc1cnccc1-c1noc2c(OC)c(-c3ccc(OC)c(OC)c3C=O)[nH]c(=O)c12,4.2337832
COc1cnccc1-c1noc2c(OC)c(-c3cc4c(cc3C=O)OC4)[nH]c(=O)c12,4.233264
COc1ccc(-c2[nH]c(=O)c3c(-c4ccncc4OC)noc3c2OC)c(CCl)c1,4.2325945
COc1ccc(-c2[nH]c(=O)c3c(-c4ccncc4OC)noc3c2O)c(CCl)c1,4.2319493
COc1ccc(-c2[nH]c(=O)c3c(-c4ccnc(C)c4OC)noc3c2OC)c(CCl)c1,4.2317586
COc1ccc(-c2[nH]c(=O)c3c(-c4ccncc4O)noc3c2OC)c(C=O)c1,4.2316747
COc1cnccc1-c1noc2c(OC)c(-c3ccc(OC)c(O)c3C=O)[nH]c(=O)c12,4.2314186
COc1cnccc1-c1noc2c(OC)c(-c3ccc(OC)c(C=O)c3O)[nH]c(=O)c12,4.2314186
COc1cnccc1-c1noc2c(O)c(-c3ccc(OC)c(C=O)c3OC)[nH]c(=O)c12,4.2314186
COc1ccc(-c2[nH]c(=O)c3c(-c4ccncc4OCl)noc3c2OC)c(C)c1,4.2308764
COc1ccc(-c2[nH]c(=O)c3c(-c4ccncc4OC)noc3c2OCl)c(C)c1,4.2308764
COc1ccc(-c2[nH]c(=O)c3c(-c4ccncc4OC)noc3c2OC)c(C=O)c1,4.230042
COc1ccc(-c2[nH]c(=O)c3c(-c4cc(S)ncc4OC)noc3c2OC)c(CO)c1,4.2287707
CCc1cc(OC)cc(C=O)c1-c1[nH]c(=O)c2c(-c3ccncc3OC)noc2c1OC,4.2266283
COc1cnccc1-c1noc2c(OC)c(-c3ccc(OC)c4c3CO4)[nH]c(=O)c12,4.226074
COc1ccc(-c2[nH]c(=O)c3c(-c4ccncc4OC=O)noc3c2OC)c(C(C)=O)c1,4.2260227
CCc1cc(OC=O)ccc1-c1[nH]c(=O)c2c(-c3ccncc3OC)noc2c1OC,4.2259064
CCc1cc(OC)ccc1-c1[nH]c(=O)c2c(-c3ccncc3OC)noc2c1OC=O,4.2259064
COc1ccc(-c2[nH]c(=O)c3c(-c4ccncc4C)noc3c2OC)c(C)c1O,4.225814
COc1cc2oc3c([nH]c(=O)c4c(-c5ccncc5)noc43)c2cc1C=O,4.2250266
C=COc1cc(C)c(-c2[nH]c(=O)c3c(-c4ccncc4OC)noc3c2OC)cc1C,4.2241883
COc1ccc(-c2[nH]c(=O)c3c(-c4ccncc4C=O)noc3c2O)c(C)c1,4.223956
COc1cnccc1-c1noc2c(OC)c(-c3cc(O)c(OC)c4c3C4)[nH]c(=O)c12,4.2235584
COc1cnccc1-c1noc2c(OC)c(-c3cc(F)c(OC=O)cc3C)[nH]c(=O)c12,4.222664
COc1ccc(-c2[nH]c(=O)c3c(-c4ccncc4OC=O)noc3c2O)c(C=O)c1,4.222411
COc1ccc(-c2[nH]c(=O)c3c(-c4ccncc4OC)noc3c2C=O)c(C=O)c1,4.222039
COc1cc(C=O)c2c(c1)COc1c-2[nH]c(=O)c2c(-c3ccncc3OC)noc12,4.2213097
C=COc1cnc(F)cc1-c1noc2c(OC)c(-c3ccc(OC)cc3C)[nH]c(=O)c12,4.218648
COc1cnccc1-c1noc2c(OC)c(-c3ccc(OC)c4c3C(=O)C4)[nH]c(=O)c12,4.218476
C=COc1c(Cl)cc(-c2cc3onc(-c4ccncc4Cl)c3c(=O)[nH]2)cc1C=O,4.2172384
COc1cc(C)c2c(c1)oc1c2[nH]c(=O)c2c(-c3ccnc(C)c3OC)noc21,4.216989
COc1ccc(-c2[nH]c(=O)c3c(-c4c(O)cncc4F)noc3c2OC)c(C=O)c1,4.2166944
COc1ccc(-c2[nH]c(=O)c3c(-c4ccnc(C)c4OC)noc3c2OC)c(C)c1,4.2166696
COc1ccc(-c2[nH]c(=O)c3c(-c4ccncc4OC)noc3c2O)c(C=O)c1,4.2158704
COc1ccc(-c2[nH]c(=O)c3c(-c4cc(F)ncc4OC)noc3c2OC)c(C)c1,4.215163
COc1ccc(-c2[nH]c(=O)c3c(-c4c(O)cncc4OC)noc3c2OC)c(C=O)c1,4.2149496
COc1ccc(-c2[nH]c(=O)c3c(-c4ccncc4OC)noc3c2OC)c(C(C)=O)c1,4.214924
COc1ccc(-c2c(C=O)c3onc(-c4ccncc4OC)c3c(=O)n2CO)c(C=O)c1,4.214852
CCc1cc(OC)ccc1-c1[nH]c(=O)c2c(-c3ccncc3C=O)noc2c1OC,4.213357
COc1cc2oc3c([nH]c(=O)c4c(-c5ccncc5)noc43)c2c(O)c1F,4.213072
COc1ccc(-c2c(O)c3onc(-c4ccncc4OC)c3c(=O)n2C=O)c(C)c1,4.2122974
COc1ccc(-c2[nH]c(=O)c3c(-c4cc(C)ncc4OC)noc3c2OC)c(C)c1,4.2117023
COc1ccc(-c2[nH]c(=O)c3c(-c4ccncc4OC)noc3c2OC)c(C(C)=[SH])c1,4.211212
COc1ccc(-c2[nH]c(=O)c3c(-c4ccnc(C)c4OC)noc3c2O)cc1,4.2104897
COc1ccc(-c2[nH]c(=O)c3c(-c4ccnc(C)c4O)noc3c2OC)cc1,4.2104897
COc1cnccc1-c1noc2c(OC)c(-c3ccc4occc4c3C=O)[nH]c(=O)c12,4.2099466
COc1cc(O)c(-c2[nH]c(=O)c3c(-c4ccncc4OC)noc3c2OC)cc1OC,4.2091637
COc1cc(C)c(-c2[nH]c(=O)c3c(-c4ccncc4OC)noc3c2OC)cc1S,4.206453
COc1ccc(-c2[nH]c(=O)c3c(-c4ccncc4OOS)noc3c2O)c(C)c1,4.205253
COc1ccc(-c2[nH]c(=O)c3c(-c4ccncc4OC)noc3c2OC)c(C=S)c1,4.2051167
COc1cnccc1-c1noc2c(O)c(-c3ccc(OC)c(Cl)c3C)[nH]c(=O)c12,4.203653
COc1cc(C)c(-c2[nH]c(=O)c3c(-c4ccncc4C=O)noc3c2OC)cc1C,4.203589
COc1cnccc1-c1noc2c(OC)c(-c3ccc(O)cc3C)[nH]c(=O)c12,4.202935
COc1ccc(-c2[nH]c(=O)c3c(-c4ccncc4)noc3c2O)c2o[nH]c12,4.202198
COc1cc(S)c(-c2[nH]c(=O)c3c(-c4ccncc4C)noc3c2OC)cc1O,4.2021317
COc1cc(C)c(-c2[nH]c(=O)c3c(-c4ccncc4S)noc3c2OC)cc1O,4.2021317
COc1c(O)ccc(-c2[nH]c(=O)c3c(-c4ccncc4)noc3c2OCl)c1C=O,4.20129
C=COc1c(-c2ccc(OC)cc2C)[nH]c(=O)c2c(-c3ccncc3C=O)noc12,4.200854
COc1cnccc1-c1noc2c(OC)c(-c3c(N)cc(OC)c4c3CO4)[nH]c(=O)c12,4.2003736
C=CCc1cc(OC)ccc1-c1[nH]c(=O)c2c(-c3ccncc3OC)noc2c1OC,4.1994176
COC=Cc1cc(OC)ccc1-c1[nH]c(=O)c2c(-c3ccncc3OC)noc2c1OC,4.199334
CCOc1ccc(-c2[nH]c(=O)c3c(-c4ccncc4O)noc3c2OC)c(C=O)c1,4.1992497
COc1ccc(-c2[nH]c(=O)c3c(-c4ccncc4OC)noc3c2CS)c(C=O)c1,4.197603
COc1ccc(-c2[nH]c(=O)c3c(-c4cc(F)ncc4OC)noc3c2OC)c(CCl)c1,4.1974955
COc1ccc(-c2[nH]c(=O)c3c(-c4ccncc4OC)noc3c2OS)c(C=O)c1,4.197229
COc1cnccc1-c1noc2c(OC)c(-c3cc4ccoc4cc3C)[nH]c(=O)c12,4.197168
C=Cc1cc(OC)c(O)cc1-c1c(O)c2onc(-c3ccncc3)c2c(=O)n1C,4.19451
COc1cc(C=O)c(-c2[nH]c(=O)c3c(-c4cc(Cl)ncc4OC)noc3c2OC)cc1Cl,4.1937056
C=C(O)c1cc(OC)ccc1-c1[nH]c(=O)c2c(-c3ccncc3OC)noc2c1OC,4.19283
COc1ccc(-c2[nH]c(=O)c3c(-c4ccncc4OF)noc3c2OC)c(C)c1O,4.19234
COc1ccc(-c2[nH]c(=O)c3c(-c4ccnc(C)c4)noc3c2OC)cc1O,4.1894855
C=COc1c(-c2ccc(OC)cc2C)[nH]c(=O)c2c(-c3ccnc(C)c3OC)noc12,4.188631
COc1cc(F)c(-c2[nH]c(=O)c3c(-c4ccnc(C)c4OC)noc3c2OC)c(C=O)c1,4.1869836
COc1cc(C)c(-c2[nH]c(=O)c3c(-c4ccncc4OC)noc3c2O)cc1Cl,4.1869717
COc1ccc(-c2c(O)c3onc(-c4ccncc4OC)c3c(=O)n2C)c(C=O)c1,4.1864057
COc1cnccc1-c1noc2c(O)c(-c3ccc(OC)c(C)c3C)[nH]c(=O)c12,4.185871
C=Cc1cc(OC)ccc1-c1[nH]c(=O)c2c(-c3ccnc(C)c3)noc2c1OC,4.185588
C=Cc1c(-c2[nH]c(=O)c3c(-c4ccncc4OC)noc3c2OC)ccc(OC)c1C,4.181443
COc1ccc(-c2[nH]c(=O)c3c(-c4c(CCl)cncc4OC)noc3c2OC)c(C)c1,4.1810203
COc1ccc(-c2[nH]c(=O)c3c(-c4ccnc(C)c4OC)noc3c2OC)c(C=O)c1C,4.180754
COc1ccc(-c2[nH]c(=O)c3c(-c4ccncc4S)noc3c2OC)c(C)c1O,4.180196
COc1ccc(-c2[nH]c(=O)c3c(-c4ccncc4OC)noc3c2Cl)c(C=O)c1,4.1782603
COc1cnccc1-c1noc2c(OC)c(-c3ccc(OC=N)cc3C)[nH]c(=O)c12,4.1778245
COc1ccc(-c2[nH]c(=O)c3c(-c4ccncc4OC=N)noc3c2OC)c(C)c1,4.1778245
COc1ccc(-c2[nH]c(=O)c3c(-c4ccncc4OC)noc3c2OC=N)c(C)c1,4.1778245
COc1cc(F)c(-c2[nH]c(=O)c3c(-c4cc(F)ncc4OC)noc3c2OC)c(C=O)c1,4.175841
C=COc1ccc(-c2[nH]c(=O)c3c(-c4ccncc4OC)noc3c2O)c(Cl)c1,4.1743374
COc1ccc(-c2[nH]c(=O)c3c(-c4c(OC)cncc4OCl)noc3c2O)cc1,4.173553
COc1ccc(-c2[nH]c(=O)c3c(-c4ccncc4OC)noc3c2OC)c(C=[SH])c1,4.173412
COc1ccc(-c2[nH]c(=O)c3c(-c4ccncc4OOS)noc3c2OC)c(C)c1,4.1706634
COc1cc(F)c(-c2[nH]c(=O)c3c(-c4ccncc4OC)noc3c2C=O)c(C=O)c1,4.170289
COc1cc(C)c2c(c1)oc1c2[nH]c(=O)c2c(-c3ccnc(Cl)c3OC)noc21,4.1698046
COc1cnccc1-c1noc2c(OC)c(-c3ccc4occ(F)c4c3OC)[nH]c(=O)c12,4.1693153
COc1cc(C)c(-c2[nH]c(=O)c3c(-c4c(Cl)cncc4OC)noc3c2OC)c(C=O)c1,4.169073
COc1cnccc1-c1noc2c(OC)c(-c3ccc(OC=O)cc3CO)[nH]c(=O)c12,4.167642
COc1ccc(-c2[nH]c(=O)c3c(-c4ccncc4OC)noc3c2OC=O)c(CO)c1,4.1676416
COc1ccc(-c2[nH]c(=O)c3c(-c4ccncc4O)noc3c2OS)c(C)c1,4.1657133
COc1cc(C)c(-c2[nH]c(=O)c3c(-c4ccncc4OC)noc3c2OC)c(C)c1,4.1641145
C=Cc1cc(OC)ccc1-c1[nH]c(=O)c2c(-c3c(F)cncc3OC)noc2c1OC,4.1636305
COc1cnccc1-c1noc2c(OC)c(-c3ccc(OC)c(Cl)c3Cl)[nH]c(=O)c12,4.162576
COc1ccc(-c2[nH]c(=O)c3c(-c4ccncc4)noc3c2OCl)c(C=NO)c1,4.1612854
COc1cnccc1-c1noc2c(OC)c(-c3ccc(OC)c(F)c3C=O)[nH]c(=O)c12,4.16094
COc1cc(C)c(-c2[nH]c(=O)c3c(-c4ccncc4OC)noc3c2OC)cc1Cl,4.160395
COc1ccc(-c2c(C)c3onc(-c4ccncc4OC)c3c(=O)n2CO)c(C=O)c1,4.158372
COc1cc(F)c(-c2[nH]c(=O)c3c(-c4ccncc4OC)noc3c2O)cc1C,4.1580663
COc1cc(C)c(-c2[nH]c(=O)c3c(-c4ccncc4OC)noc3c2O)cc1F,4.1580663
COc1cnccc1-c1noc2c(OC)c(-c3cc(F)c(OC)c(O)c3C)[nH]c(=O)c12,4.1558995
COc1ccc(-c2c(O)c3onc(-c4ccncc4O)c3c(=O)n2C)c(C=O)c1,4.1558104
COc1ccc(-c2[nH]c(=O)c3c(-c4ccnc(C)c4O)noc3c2OC)c2c1C2,4.153849
COc1ccc(-c2[nH]c(=O)c3c(-c4ccnc(C)c4OC)noc3c2O)c2c1C2,4.1538486
COc1cnccc1-c1noc2c(OC)c(-c3ccc(OC)c(Cl)c3C)[nH]c(=O)c12,4.153398
C=Cc1cc(OC)ccc1-c1[nH]c(=O)c2c(-c3ccncc3)noc2c1OC,4.153104
COc1cc(C)c(-c2[nH]c(=O)c3c(-c4ccncc4O)noc3c2OC)cc1Cl,4.15138
COc1ccc(-c2[nH]c(=O)c3c(-c4ccnc(Cl)c4OC)noc3c2OC)c2c1C2,4.148915
COc1ccc(-c2[nH]c(=O)c3c(-c4c(C)cncc4OC)noc3c2OC)c(C)c1,4.144558
COc1cc(O)c(-c2[nH]c(=O)c3c(-c4ccncc4OC)noc3c2OC)cc1O,4.1442156
COc1ccc(-c2[nH]c(=O)c3c(-c4ccnc(C=O)c4)noc3c2O)c(C)c1,4.143139
COc1cnccc1-c1noc2c(OC)c(-c3ccc(OC=S)cc3Cl)[nH]c(=O)c12,4.139308
COc1ccc(-c2[nH]c(=O)c3c(-c4ccncc4OC)noc3c2OS)c(C)c1,4.138822
CCc1cc(OC)ccc1-c1[nH]c(=O)c2c(-c3ccncc3OC)noc2c1O,4.138257
COc1ccc(-c2[nH]c(=O)c3c(-c4cc(Cl)ncc4OC)noc3c2OC)c(C)c1,4.137062
COc1ccc(-c2[nH]c(=O)c3c(-c4ccncc4OC)noc3c2O)c(C2=CO2)c1,4.136711
COc1cnccc1-c1noc2c(O)c(-c3cc4c(cc3C=O)OC4)[nH]c(=O)c12,4.1363235
COc1ccc(-c2[nH]c(=O)c3c(-c4ccnc(F)c4OC)noc3c2OC)c2c1C2,4.134987
CC=C(Cl)n1c(-c2ccc(OC)cc2C)c(OC)c2onc(-c3ccncc3OC)c2c1=O,4.1316204
COc1ccc(-c2c(OC)c3onc(-c4ccncc4OC)c3c(=O)n2CCl)c(C)c1,4.1299543
COc1cnccc1-c1noc2c(OC)c(-c3ccc(O)cc3C=O)[nH]c(=O)c12,4.1273613
C=Cc1cc(O)ccc1-c1c(O)c2onc(-c3ccncc3OC)c2c(=O)n1C,4.127327
COc1ccc(-c2c(O)c3onc(-c4ccncc4OC)c3c(=O)n2C)c(C2=CO2)c1,4.126064
C=COc1cc(C)c(-c2[nH]c(=O)c3c(-c4ccncc4OC)noc3c2OC)c(C)c1,4.124355
COc1ccc(-c2[nH]c(=O)c3c(-c4c(N)cncc4OC)noc3c2OC)cc1N,4.1235147
COc1cc2oc3c4onc(-c5ccncc5)c4c(=O)n4c3c2c(c1O)C4,4.1192317
COc1cnccc1-c1noc2c(OC)c(-c3ccc(OC)c(C)c3C)[nH]c(=O)c12,4.1190658
COc1cnccc1-c1noc2c(OC)c(-c3ccc(O)c4c3C4)[nH]c(=O)c12,4.1168895
COc1ccc(-c2[nH]c(=O)c3c(-c4ccncc4O)noc3c2OC)c2c1C2,4.1168895
COc1ccc(-c2[nH]c(=O)c3c(-c4ccncc4OC)noc3c2O)c(C(=O)S)c1,4.1158338
C=COc1c(-c2ccc(OC)c(Cl)c2)[nH]c(=O)c2c(-c3ccncc3O)noc12,4.1052103
COc1cc(F)c(-c2[nH]c(=O)c3c(-c4c(C)cncc4OC)noc3c2OC)c(C=O)c1,4.103488
COc1ccc(-c2[nH]c(=O)c3c(-c4ccncc4O)noc3c2OC)c(C=O)c1F,4.102739
CCOc1ccc(-c2[nH]c(=O)c3c(-c4ccncc4OC)noc3c2OC#N)c(C=O)c1,4.1021404
COc1ccc(-c2[nH]c(=O)c3c(-c4ccncc4OS)noc3c2O)c(C)c1,4.1010222
COc1cnccc1-c1noc2c3c([nH]c(=O)c12)-c1ccc(OC)c(O)c1C3,4.0992403
COc1cnccc1-c1noc2c(O)c(-c3ccc(OC)c4c3C4)[nH]c(=O)c12,4.0992403
COc1cnc(Cl)cc1-c1noc2c(OC)c(-c3ccc(OC)c(C)c3C=O)[nH]c(=O)c12,4.09745
COc1ccc(-c2[nH]c(=O)c3c(-c4ccnc(C)c4C)noc3c2OC)c(C=O)c1,4.0918255
COc1cc(C)c(-c2[nH]c(=O)c3c(-c4ccncc4C=O)noc3c2OC)c(C)c1,4.091756
CCc1cc(OC)ccc1-c1[nH]c(=O)c2c(-c3ccncc3O)noc2c1OC,4.0908756
COc1cc(F)c(-c2[nH]c(=O)c3c(-c4cc(Cl)ncc4OC)noc3c2OC)c(C=O)c1,4.090591
COc1cc(C)c(-c2[nH]c(=O)c3c(-c4ccncc4OC)noc3c2OC)c(S)c1,4.088769
C#COc1c(-c2ccc(OC)cc2C)[nH]c(=O)c2c(-c3ccnc(C)c3OC)noc12,4.08874
COc1cc(C=O)c(-c2[nH]c(=O)c3c(-c4c(Cl)cncc4OC)noc3c2OC)cc1Cl,4.087859
COc1ccc(-c2[nH]c(=O)c3c(-c4ccncc4OC)noc3c2OC)c(CN(C)C)c1,4.087247
COc1cnccc1-c1noc2c(OC)c(-c3c(F)cc(OC)c(O)c3C)[nH]c(=O)c12,4.08538
COc1ccc(-c2[nH]c(=O)c3c(-c4c(CO)cncc4OC)noc3c2OC)c(C)c1,4.0841203
C=COc1cc(Cl)c(-c2cc3onc(-c4ccncc4Cl)c3c(=O)[nH]2)cc1C=O,4.0839405
COc1c(-c2cc(C=O)c(OC=O)cc2Cl)[nH]c(=O)c2c(-c3ccncc3)noc12,4.083775
C#COc1cc(C)c(-c2[nH]c(=O)c3c(-c4ccncc4)noc3c2OC)cc1O,4.078051
COc1cnccc1-c1noc2c(O)c(-c3c(C)cc(OC)c4c3C4)[nH]c(=O)c12,4.077437
COc1ccc(-c2[nH]c(=O)c3c(-c4c(C)cncc4C=O)noc3c2OC)c(C)c1,4.0773644
COc1cc(C)c(-c2[nH]c(=O)c3c(-c4ccncc4OC)noc3c2OS)cc1C,4.072443
CCOc1cc(C=O)c(-c2[nH]c(=O)c3c(-c4ccncc4OC)noc3c2OC)cc1CO,4.0701075
COc1ccc(-c2[nH]c(=O)c3c(-c4ccncc4O)noc3c2OC)c(CS)c1,4.0690384
CCc1cc(OC)ccc1-c1[nH]c(=O)c2c(-c3ccncc3OC)noc2c1OC,4.068314
COc1cnccc1-c1noc2c(OC)c(-c3ccc(OC)c(ON)c3C)[nH]c(=O)c12,4.065714
COc1cc(C)c(-c2[nH]c(=O)c3c(-c4ccncc4OC)noc3c2OC)cc1F,4.0652885
C=COc1cnccc1-c1noc2c(O)c(-c3ccc(OC)cc3C)n(C)c(=O)c12,4.064261
C=COc1ccc(-c2c(O)c3onc(-c4ccncc4OC)c3c(=O)n2C)c(C)c1,4.064261
C=c1c2cc(OC)c(C=O)cc2c2cc3onc(-c4ccncc4N)c3c(=O)n12,4.063779
COc1ccc(-c2[nH]c(=O)c3c(-c4ccncc4OC)noc3c2OC)c(CO)c1,4.063157
COc1cnccc1-c1noc2c(OC)c(-c3cc(C)c(OC)c4c3C4)[nH]c(=O)c12,4.0606747
COc1ccc(-c2[nH]c(=O)c3c(-c4ccnc(C)c4OC)noc3c2OC)c2c1C2,4.060263
CCOc1cnccc1-c1noc2c(OC=O)c(-c3ccc(OC)cc3C)[nH]c(=O)c12,4.059188
COc1cnccc1-c1noc2c3c([nH]c(=O)c12)-c1c(C)cc(OC)c(O)c1CO3,4.0582886
COc1ccc(-c2[nH]c(=O)c3c(-c4c(S)cncc4OC)noc3c2OC)c(C)c1,4.0572305
C=Cc1cc(-c2[nH]c(=O)c3c(-c4ccncc4)noc3c2OC)c(Cl)cc1OC=O,4.0539227
COc1cc(C)c(-c2[nH]c(=O)c3c(-c4ccncc4O)noc3c2OC)cc1F,4.0520997
COc1ccc(-c2[nH]c(=O)c3c(-c4ccncc4S)noc3c2OC)c(C=O)c1,4.0516405
COc1ccc(-c2[nH]c(=O)c3c(-c4ccncc4O)noc3c2OC)cc1Cl,4.048682
COc1ccc(-c2[nH]c(=O)c3c(-c4ccncc4OCO)noc3c2OC)c(C)c1,4.0475802
COc1ccc(-c2[nH]c(=O)c3c(-c4ccncc4OC)noc3c2OCO)c(C)c1,4.0475802
COc1cnccc1-c1noc2c(OC)c(-c3ccc(OCO)cc3C)[nH]c(=O)c12,4.04758
COc1ccc(-c2[nH]c(=O)c3c(-c4ccncc4OC)noc3c2O)c(CS)c1,4.0470695
COc1ccc(-c2[nH]c(=O)c3c(-c4ccnc(OCl)c4)noc3c2OC)c(C)c1,4.047061
COc1ccc(-c2[nH]c(=O)c3c(-c4ccncc4O)noc3c2OC)c(Cl)c1,4.0450506
COc1cnccc1-c1noc2c(OC)c(-c3ccc(OC)c4c3C4)[nH]c(=O)c12,4.037025
CCOc1cnccc1-c1noc2c(OC)c(-c3cc(Cl)c(OC)cc3C=O)[nH]c(=O)c12,4.034896
COc1ccc(-c2[nH]c(=O)c3c(-c4ccncc4C=O)noc3c2OC)c(C)c1F,4.0317783
COC1=C(c2cc(C)c(OC)cc2C=O)NCc2c(-c3ccncc3OC)noc21,4.027962
COc1cnccc1-c1noc2c(O)c(-c3ccc(OC)c(F)c3C)[nH]c(=O)c12,4.024024
COc1ccc(-c2c(O)c3onc(-c4ccncc4OC)c3c(=O)n2C)c(C)c1,4.0228314
COc1cnccc1-c1noc2c(OC)c(-c3cc(Cl)c(OC)c(Cl)c3C=O)[nH]c(=O)c12,4.019691
O=COc1ccc(-c2cc3onc(-c4cc(C=O)ncc4Cl)c3c(=O)[nH]2)c(Cl)c1,4.0184093
C=COc1ccc2c(c1)oc1c2[nH]c(=O)c2c(-c3ccncc3)noc21,4.015896
COc1ccc(-c2[nH]c(=O)c3c(-c4ccncc4OO)noc3c2OC)c(C)c1,4.0119414
COc1ccc(-c2[nH]c(=O)c3c(-c4ccncc4OC)noc3c2OO)c(C)c1,4.011941
O=COc1cc(Cl)c(-c2cc3onc(-c4ccnc(C=O)c4)c3c(=O)[nH]2)cc1Cl,4.009953
COc1cnc(F)cc1-c1noc2c(OC)c(-c3ccc(OC)c(F)c3C=O)[nH]c(=O)c12,4.002405
